utterance,intent,category,tags,predicted_intent
I have a question about cancelling an order,cancel_order,ORDER,B,cancel_order
help canceling the order I have made,cancel_order,ORDER,B,cancel_order
I do not know how to cancel an order I have made,cancel_order,ORDER,BE,cancel_order
where can I cancel the last order I made?,cancel_order,ORDER,BI,cancel_order
I don't want the last order I made,cancel_order,ORDER,B,cancel_order
where could I cancel my order?,cancel_order,ORDER,BIP,cancel_order
I have to cancel the order I made,cancel_order,ORDER,B,cancel_order
how could I get information about cancelling orders?,cancel_order,ORDER,BIMP,cancel_order
I want information about canceling orders,cancel_order,ORDER,BM,cancel_order
assistance cancelling an order,cancel_order,ORDER,B,cancel_order
is it possible to cancel the last order?,cancel_order,ORDER,BI,cancel_order
could you give me information about order cancellations?,cancel_order,ORDER,BIMP,cancel_order
I need help with canceling the last order,cancel_order,ORDER,B,cancel_order
how can I cancel the last order I have made?,cancel_order,ORDER,BI,cancel_order
how could I find information about cancelling an order?,cancel_order,ORDER,BIP,cancel_order
I would like to know more about order cancellations,cancel_order,ORDER,BMP,cancel_order
could you help me cancel the last order I have made?,cancel_order,ORDER,BIP,cancel_order
I want assistance to cancel the last order,cancel_order,ORDER,B,cancel_order
I have a problem with cancelling the order I made,cancel_order,ORDER,B,cancel_order
how could I cancel the last order I made?,cancel_order,ORDER,BIP,cancel_order
order cancelation,cancel_order,ORDER,BK,cancel_order
I want assistance to cancel the order I have made,cancel_order,ORDER,B,cancel_order
how do I cancel the last order I have made?,cancel_order,ORDER,BI,cancel_order
help me cancelling my order,cancel_order,ORDER,B,cancel_order
I have a problem with cancelling an order I made,cancel_order,ORDER,B,cancel_order
I have got to change an item of an order,change_order,ORDER,B,change_order
can you help me removing several items from an order?,change_order,ORDER,BIM,change_order
could you help me change an order I have made?,change_order,ORDER,BIP,change_order
I cannot change an item of an order,change_order,ORDER,BE,change_order
problem with adding something,change_order,ORDER,B,change_order
where could I find information about changing an order?,change_order,ORDER,BIP,change_order
I don't know how I could add some items,change_order,ORDER,BMP,change_order
help to change an order,change_order,ORDER,B,change_order
I want assistance to remove something,change_order,ORDER,B,change_order
remove some items from an order,change_order,ORDER,BM,change_order
can you help me changing the order I made?,change_order,ORDER,BI,change_order
I cannot remove several items,change_order,ORDER,BEM,change_order
is it possible to change the order I have made?,change_order,ORDER,BI,change_order
I want to remove some items from an order,change_order,ORDER,BM,change_order
change an order,change_order,ORDER,B,change_order
I cannot change the last order,change_order,ORDER,BE,change_order
is it possible to add some items?,change_order,ORDER,BIM,change_order
help changing an order,change_order,ORDER,B,change_order
I have a problem with changing my order,change_order,ORDER,B,change_order
could you help me add some items?,change_order,ORDER,BIMP,change_order
I need assistance to change several items of an order,change_order,ORDER,BM,change_order
I have problems with removing an item,change_order,ORDER,BM,change_order
can you help me remove some items from an order?,change_order,ORDER,BIM,change_order
I have problems with removing some items,change_order,ORDER,BM,change_order
I am trying to change an order I made,change_order,ORDER,B,change_order
I have got to add an item,change_order,ORDER,B,change_order
I want help adding some items to an order,change_order,ORDER,BM,change_order
I need assistance to remove an item from an order,change_order,ORDER,B,change_order
is it possible to remove some items?,change_order,ORDER,BIM,change_order
how can I change the last order I have made?,change_order,ORDER,BI,change_order
I need assistance to remove an item,change_order,ORDER,B,change_order
help me adding several items,change_order,ORDER,BM,change_order
assistance to add something,change_order,ORDER,B,change_order
I need assistance to add an item,change_order,ORDER,B,change_order
how could I add an item?,change_order,ORDER,BIP,change_order
would it be possible to change some items of an order?,change_order,ORDER,BIMP,change_order
how do I change several items of an order?,change_order,ORDER,BIM,change_order
I have a problem with removing something from an order,change_order,ORDER,B,change_order
I don't know how I can add an item to an order,change_order,ORDER,B,change_order
I do not know how I could change my shipping address,change_shipping_address,SHIPPING_ADDRESS,BEP,change_shipping_address
I need assistance changing the shipping address,change_shipping_address,SHIPPING_ADDRESS,B,change_shipping_address
can you tell me about updating the address?,change_shipping_address,SHIPPING_ADDRESS,BIL,change_shipping_address
I have errors trying to update my shipping address,change_shipping_address,SHIPPING_ADDRESS,BLM,change_shipping_address
want support changing the shipping address,change_shipping_address,SHIPPING_ADDRESS,BLQ,change_shipping_address
i do not know how to editmy shipping address,change_shipping_address,SHIPPING_ADDRESS,BELQZ,change_shipping_address
I have issues changing my shipping address,change_shipping_address,SHIPPING_ADDRESS,BM,change_shipping_address
assistance changing the shipping address,change_shipping_address,SHIPPING_ADDRESS,B,change_shipping_address
I want information about a shipping address change,change_shipping_address,SHIPPING_ADDRESS,B,change_shipping_address
I would like to change my shipping address,change_shipping_address,SHIPPING_ADDRESS,BP,change_shipping_address
I want help changing the shipping address,change_shipping_address,SHIPPING_ADDRESS,B,change_shipping_address
I don't know what I need to do to change my shipping address,change_shipping_address,SHIPPING_ADDRESS,B,change_shipping_address
I want help trying to change my shipping address,change_shipping_address,SHIPPING_ADDRESS,B,change_shipping_address
I have a trouble trying to change the address,change_shipping_address,SHIPPING_ADDRESS,BL,change_shipping_address
the address has changed can i edit it,change_shipping_address,SHIPPING_ADDRESS,BCILQ,change_shipping_address
I need help changing the shipping address,change_shipping_address,SHIPPING_ADDRESS,B,change_shipping_address
I want to know about changing my shipping address,change_shipping_address,SHIPPING_ADDRESS,B,change_shipping_address
can you help me change my shipping address?,change_shipping_address,SHIPPING_ADDRESS,BI,change_shipping_address
I do not know how I can change the shipping address,change_shipping_address,SHIPPING_ADDRESS,BE,change_shipping_address
I would like to change the shipping address,change_shipping_address,SHIPPING_ADDRESS,BP,change_shipping_address
information about a shipping address change,change_shipping_address,SHIPPING_ADDRESS,B,change_shipping_address
I cannot change the shipping address,change_shipping_address,SHIPPING_ADDRESS,BE,change_shipping_address
help me to change my shipping address,change_shipping_address,SHIPPING_ADDRESS,B,change_shipping_address
I want help to change my shipping address,change_shipping_address,SHIPPING_ADDRESS,B,change_shipping_address
could you tell me about changing the shipping address?,change_shipping_address,SHIPPING_ADDRESS,BIP,change_shipping_address
I try to correct my shipping address,change_shipping_address,SHIPPING_ADDRESS,BL,change_shipping_address
can you tell me about changing my shipping address?,change_shipping_address,SHIPPING_ADDRESS,BI,change_shipping_address
I would like information about changing the shipping address,change_shipping_address,SHIPPING_ADDRESS,BP,change_shipping_address
i want assistance to modify the address,change_shipping_address,SHIPPING_ADDRESS,BLQ,change_shipping_address
help with a shipping address change,change_shipping_address,SHIPPING_ADDRESS,B,change_shipping_address
I would like information about changing my shipping address,change_shipping_address,SHIPPING_ADDRESS,BP,change_shipping_address
I want assistance to change my shipping address,change_shipping_address,SHIPPING_ADDRESS,B,change_shipping_address
supports trying to update my shipping address,change_shipping_address,SHIPPING_ADDRESS,BLM,change_shipping_address
I cannot modify the  shipping address,change_shipping_address,SHIPPING_ADDRESS,BELZ,change_shipping_address
I do not know how I could change the shipping address,change_shipping_address,SHIPPING_ADDRESS,BEP,change_shipping_address
I don't know what I have to do to change my shipping address,change_shipping_address,SHIPPING_ADDRESS,B,change_shipping_address
i have an issue trying to edit my goddamn delivery address,change_shipping_address,SHIPPING_ADDRESS,BLQW,change_shipping_address
I need help to change the shipping address,change_shipping_address,SHIPPING_ADDRESS,B,change_shipping_address
could I change the shipping address?,change_shipping_address,SHIPPING_ADDRESS,BIP,change_shipping_address
how could I get information about a shipping address change?,change_shipping_address,SHIPPING_ADDRESS,BIP,change_shipping_address
I need help to change my shipping address,change_shipping_address,SHIPPING_ADDRESS,B,change_shipping_address
show me the termination fees,check_cancellation_fee,CANCELLATION_FEE,BLM,check_cancellation_fee
I need  assistance to see the termination penalty,check_cancellation_fee,CANCELLATION_FEE,BLZ,check_cancellation_fee
I have got to see the termination charge,check_cancellation_fee,CANCELLATION_FEE,BL,check_cancellation_fee
could you help me check the cancellation fee?,check_cancellation_fee,CANCELLATION_FEE,BIP,check_cancellation_fee
where can I check the cancellation fee?,check_cancellation_fee,CANCELLATION_FEE,BI,check_cancellation_fee
I need assistance checking the cancellation fees,check_cancellation_fee,CANCELLATION_FEE,BM,check_cancellation_fee
I don't know how I could check the cancellation fees,check_cancellation_fee,CANCELLATION_FEE,BMP,check_cancellation_fee
I try to check the early termination penalties,check_cancellation_fee,CANCELLATION_FEE,BLM,check_cancellation_fee
how much will you charge me if I break the contract?,check_cancellation_fee,CANCELLATION_FEE,BI,check_cancellation_fee
i do not know how i can see the early termination charges,check_cancellation_fee,CANCELLATION_FEE,BELMQ,check_cancellation_fee
show early exit penalty,check_cancellation_fee,CANCELLATION_FEE,BKL,check_cancellation_fee
i cannot find the termination penaltiesi need help,check_cancellation_fee,CANCELLATION_FEE,BCELMQZ,check_cancellation_fee
see the termination penalties,check_cancellation_fee,CANCELLATION_FEE,BLM,check_cancellation_fee
I need help checking the cancellation fee,check_cancellation_fee,CANCELLATION_FEE,B,check_cancellation_fee
what do i have to do to check the withdrawal charge,check_cancellation_fee,CANCELLATION_FEE,BILQ,check_cancellation_fee
can you help me see the withdrawal fee?,check_cancellation_fee,CANCELLATION_FEE,BIL,check_cancellation_fee
how do I check the cancellation fees?,check_cancellation_fee,CANCELLATION_FEE,BIM,check_cancellation_fee
I don't know what I need to do to check the cancellation fee,check_cancellation_fee,CANCELLATION_FEE,B,check_cancellation_fee
I do not know what to do to check the cancellation fee,check_cancellation_fee,CANCELLATION_FEE,BE,check_cancellation_fee
I do not know what to do to check the cancellation fees,check_cancellation_fee,CANCELLATION_FEE,BEM,check_cancellation_fee
"I cannot find the early termination fees, can you help me?",check_cancellation_fee,CANCELLATION_FEE,BCEILM,check_cancellation_fee
how can I check the cancellation fees?,check_cancellation_fee,CANCELLATION_FEE,BIM,check_cancellation_fee
I don't know how I can check the cancellation fee,check_cancellation_fee,CANCELLATION_FEE,B,check_cancellation_fee
what do I need to do to see the cancellation penalty?,check_cancellation_fee,CANCELLATION_FEE,BIL,check_cancellation_fee
I don't know what to do to check the cancellation fee,check_cancellation_fee,CANCELLATION_FEE,B,check_cancellation_fee
i have got to check the withdrawal fees can uhelp me,check_cancellation_fee,CANCELLATION_FEE,BCILMQ,check_cancellation_fee
could you help me to take a quick look at my invoice?,check_invoice,INVOICE,BIP,check_invoice
I don't know how to find the invoices from last month,check_invoice,INVOICE,BM,check_invoice
I want assistance to find the invoices from June,check_invoice,INVOICE,BM,check_invoice
I need assistance to check my invoices,check_invoice,INVOICE,BM,check_invoice
I have to find my invoices,check_invoice,INVOICE,BM,check_invoice
I want assistance finding the invoices from 7 months ago,check_invoice,INVOICE,BM,check_invoice
could you help me find the invoice from six months ago?,check_invoice,INVOICE,BIMP,check_invoice
assistance finding the invoice from my last purchase,check_invoice,INVOICE,B,check_invoice
I need to take a quick look at the invoice from 6 months ago,check_invoice,INVOICE,BM,check_invoice
help finding the invoices from my last purchase,check_invoice,INVOICE,BM,check_invoice
show me the invoices from 10 purchases ago,check_invoice,INVOICE,BM,check_invoice
how could I check the invoices from eleven months ago?,check_invoice,INVOICE,BIMP,check_invoice
help to find the invoices from October,check_invoice,INVOICE,BM,check_invoice
I don't know what I need to do to check the invoice,check_invoice,INVOICE,B,check_invoice
how to find the invoices from October?,check_invoice,INVOICE,BIM,check_invoice
I need to take a quick look at my invoices,check_invoice,INVOICE,BM,check_invoice
could you help me to find the invoice?,check_invoice,INVOICE,BIP,check_invoice
I would like to check the invoices from 10 purchases ago,check_invoice,INVOICE,BMP,check_invoice
how to check my invoices?,check_invoice,INVOICE,BIM,check_invoice
I do not know how to check the invoices from August,check_invoice,INVOICE,BEM,check_invoice
check invoices from last month,check_invoice,INVOICE,BKM,check_invoice
checking invoice from January,check_invoice,INVOICE,BK,check_invoice
I do not know how to take a quick look at my invoices,check_invoice,INVOICE,BEM,check_invoice
can you help me take a quick look at the invoices from May?,check_invoice,INVOICE,BIM,check_invoice
could I check my invoices?,check_invoice,INVOICE,BIMP,check_invoice
I do not know how I can check the invoices,check_invoice,INVOICE,BEM,check_invoice
checking invoice from last month,check_invoice,INVOICE,BK,check_invoice
help me find the invoice,check_invoice,INVOICE,B,check_invoice
I cannot find the invoices from September,check_invoice,INVOICE,BEM,check_invoice
I want help taking a quick look at my invoices,check_invoice,INVOICE,BM,check_invoice
I want to take a quick look at my invoices,check_invoice,INVOICE,BM,check_invoice
I have to see the accepted payment options,check_payment_methods,PAYMENT,BL,check_payment_methods
I do not know how to check the payment options,check_payment_methods,PAYMENT,BEL,check_payment_methods
i dont know what i need to do to list ur payment options,check_payment_methods,PAYMENT,BLQ,check_payment_methods
can you help me checking what payment methods are available?,check_payment_methods,PAYMENT,BI,check_payment_methods
help checking what payment methods are available,check_payment_methods,PAYMENT,B,check_payment_methods
what are your allowed payment methods?,check_payment_methods,PAYMENT,BI,check_payment_methods
where to check the available payment methods?,check_payment_methods,PAYMENT,BIL,check_payment_methods
will you show me what payment methods you accept?,check_payment_methods,PAYMENT,BIP,check_payment_methods
I want help listing your accepted payment methods,check_payment_methods,PAYMENT,BL,check_payment_methods
I need assistance to see your accepted payment options,check_payment_methods,PAYMENT,BL,check_payment_methods
help to check what payment methods are available,check_payment_methods,PAYMENT,B,check_payment_methods
I try to check what payment methods you accept,check_payment_methods,PAYMENT,B,check_payment_methods
i need help checking what payment methods are allowed,check_payment_methods,PAYMENT,BLQ,check_payment_methods
how do i check what damn payment methods are accepted,check_payment_methods,PAYMENT,BILQW,check_payment_methods
where to check what payment methods are available?,check_payment_methods,PAYMENT,BI,check_payment_methods
could you help me to check your allowed payment methods?,check_payment_methods,PAYMENT,BIP,check_payment_methods
tell me your allowed payment methods,check_payment_methods,PAYMENT,B,check_payment_methods
I don't know how I could check your allowed payment methods,check_payment_methods,PAYMENT,BP,check_payment_methods
I do not know how to check your allowed payment methods,check_payment_methods,PAYMENT,BE,check_payment_methods
i have to check what payment methods are allowed help me,check_payment_methods,PAYMENT,BCLQ,check_payment_methods
is it possible to check what payment options are accepted?,check_payment_methods,PAYMENT,BIL,check_payment_methods
where could I check what payment methods are available?,check_payment_methods,PAYMENT,BIP,check_payment_methods
I want assistance checking your allowed payment methods,check_payment_methods,PAYMENT,B,check_payment_methods
can I check your allowed payment methods?,check_payment_methods,PAYMENT,BI,check_payment_methods
help me to check your allowed payment methods,check_payment_methods,PAYMENT,B,check_payment_methods
seeing accepted payment options,check_payment_methods,PAYMENT,BKL,check_payment_methods
I want to check in what cases can I ask to be refunded,check_refund_policy,REFUND,B,check_refund_policy
I try to check in what cases can I ask for refunds,check_refund_policy,REFUND,B,check_refund_policy
help me checking how long refunds usually take,check_refund_policy,REFUND,B,check_refund_policy
can I check under what circumstances can I ask for refunds?,check_refund_policy,REFUND,BI,check_refund_policy
can you help me to check your refund policy?,check_refund_policy,REFUND,BI,check_refund_policy
assistance to check your money back policy,check_refund_policy,REFUND,B,check_refund_policy
check under what circumstances can I ask to be refunded,check_refund_policy,REFUND,B,check_refund_policy
can you show me in what cases can I ask for refunds?,check_refund_policy,REFUND,BI,check_refund_policy
help checking in what cases can I ask to be refunded,check_refund_policy,REFUND,B,check_refund_policy
how could I check your refund policy?,check_refund_policy,REFUND,BIP,check_refund_policy
help checking in what cases can I ask for a refund,check_refund_policy,REFUND,B,check_refund_policy
help me check in what cases can I ask to be refunded,check_refund_policy,REFUND,B,check_refund_policy
in what cases can I ask to be refunded?,check_refund_policy,REFUND,BI,check_refund_policy
I need help checking in what cases can I ask for refunds,check_refund_policy,REFUND,B,check_refund_policy
check in what cases can I ask to be refunded,check_refund_policy,REFUND,B,check_refund_policy
assistance checking in what cases can I ask for a refund,check_refund_policy,REFUND,B,check_refund_policy
assistance to check in what cases can I ask for a refund,check_refund_policy,REFUND,B,check_refund_policy
I don't know how I can check your money back policy,check_refund_policy,REFUND,B,check_refund_policy
could you help me checking how long refunds take?,check_refund_policy,REFUND,BIP,check_refund_policy
I need assistance to check how long refunds usually take,check_refund_policy,REFUND,B,check_refund_policy
I would like to check your money back policy,check_refund_policy,REFUND,BP,check_refund_policy
I am trying to check in what cases can I ask for a refund,check_refund_policy,REFUND,B,check_refund_policy
where to check your refund policy?,check_refund_policy,REFUND,BI,check_refund_policy
help me checking in what cases can I ask to be refunded,check_refund_policy,REFUND,B,check_refund_policy
could you show me your money back policy?,check_refund_policy,REFUND,BIP,check_refund_policy
I have got to check your money back policy,check_refund_policy,REFUND,B,check_refund_policy
what do I have to do to check your refund policy?,check_refund_policy,REFUND,BI,check_refund_policy
in what cases can I ask for refunds?,check_refund_policy,REFUND,BI,check_refund_policy
assistance to check in what cases can I ask to be refunded,check_refund_policy,REFUND,B,check_refund_policy
could I check in what cases can I ask to be refunded?,check_refund_policy,REFUND,BIP,check_refund_policy
I don't know what I need to do to check your refund policy,check_refund_policy,REFUND,B,check_refund_policy
can I check in what cases can I ask for my money back?,check_refund_policy,REFUND,BI,check_refund_policy
how do I check your money back policy?,check_refund_policy,REFUND,BI,check_refund_policy
can you show me how long refunds usually take?,check_refund_policy,REFUND,BI,check_refund_policy
will you show me in what cases can I ask for refunds?,check_refund_policy,REFUND,BIP,check_refund_policy
could I check in what cases can I ask for a refund?,check_refund_policy,REFUND,BIP,check_refund_policy
I want assistance checking your refund policy,check_refund_policy,REFUND,B,check_refund_policy
help me file a complaint against your business,complaint,FEEDBACK,B,complaint
I call to file a complaint against your business,complaint,FEEDBACK,B,complaint
I need help to file a complaint against your business,complaint,FEEDBACK,B,complaint
can you help  me making a claim against your business?,complaint,FEEDBACK,BILZ,complaint
I need assistance to file a complaint against your business,complaint,FEEDBACK,B,complaint
i do not know how to make a fucking consumer reclamation,complaint,FEEDBACK,BELQW,complaint
I'm not happy wih ur service help me to file a claim,complaint,FEEDBACK,BCELQZ,complaint
i want assistance to lodge a customer claim,complaint,FEEDBACK,BLQ,complaint
i need help lodging a claim against ur organization,complaint,FEEDBACK,BLQ,complaint
"I am not happy with your work, lodge a complaint",complaint,FEEDBACK,BCEL,complaint
help making a consumer complaint against your company,complaint,FEEDBACK,BL,complaint
i need assistance to file a complaint against ur company,complaint,FEEDBACK,BLQ,complaint
I want to make a complaint against your company,complaint,FEEDBACK,BL,complaint
can I make a complaint against your business?,complaint,FEEDBACK,BIL,complaint
want assistance making a damn customer complaint,complaint,FEEDBACK,BLQW,complaint
I don't know what I need to do to file a complaint,complaint,FEEDBACK,B,complaint
can you help me file a complaint?,complaint,FEEDBACK,BI,complaint
need assistance to make a consumer claim,complaint,FEEDBACK,BLQ,complaint
help to file a consumer claim against your company,complaint,FEEDBACK,BL,complaint
I am calling to file a complaint,complaint,FEEDBACK,B,complaint
help me filing a consumer complaint against ur company,complaint,FEEDBACK,BLQ,complaint
help me filing a complaint,complaint,FEEDBACK,B,complaint
maing claim,complaint,FEEDBACK,BLZ,complaint
how to check at what time customer service available is?,contact_customer_service,CONTACT,BI,contact_customer_service
I would like to contact customer service,contact_customer_service,CONTACT,BP,contact_customer_service
I am trying to contact customer service,contact_customer_service,CONTACT,B,contact_customer_service
what time is customer service available?,contact_customer_service,CONTACT,BI,contact_customer_service
needto speak with customer support how to do it,contact_customer_service,CONTACT,BCILQZ,contact_customer_service
i need assistance to get in touch with customer support,contact_customer_service,CONTACT,BLQ,contact_customer_service
help me check what hours customer service available is,contact_customer_service,CONTACT,B,contact_customer_service
I am trying to talk with bloody customer assistance,contact_customer_service,CONTACT,BLW,contact_customer_service
tell me what hours I can contact customer service,contact_customer_service,CONTACT,B,contact_customer_service
how do I check what hours I can contact customer support?,contact_customer_service,CONTACT,BIL,contact_customer_service
I do not know what I need to do to contact customer service,contact_customer_service,CONTACT,BE,contact_customer_service
I have to contact customer service,contact_customer_service,CONTACT,B,contact_customer_service
I want help to contact customer support,contact_customer_service,CONTACT,BL,contact_customer_service
I have to check what hours I can contact customer service,contact_customer_service,CONTACT,B,contact_customer_service
can you tell me at what time I can contact customer service?,contact_customer_service,CONTACT,BI,contact_customer_service
I have to check at what time customer service available is,contact_customer_service,CONTACT,B,contact_customer_service
i do not know how to get  in touch with customer support,contact_customer_service,CONTACT,BELQZ,contact_customer_service
I do not know how I could contact customer service,contact_customer_service,CONTACT,BEP,contact_customer_service
I do not know what to do to contact customer service,contact_customer_service,CONTACT,BE,contact_customer_service
i need help cxalling customer support,contact_customer_service,CONTACT,BLQZ,contact_customer_service
I want to speak to customer assistance,contact_customer_service,CONTACT,BL,contact_customer_service
I try to check what hours customer service available is,contact_customer_service,CONTACT,B,contact_customer_service
I need to contact customer service,contact_customer_service,CONTACT,B,contact_customer_service
I don't know how to contact customer service,contact_customer_service,CONTACT,B,contact_customer_service
assistance tospeak with an operator,contact_human_agent,CONTACT,BLZ,contact_human_agent
could ya help me to speak to a live agent,contact_human_agent,CONTACT,BILPQ,contact_human_agent
help to speak to a person,contact_human_agent,CONTACT,BL,contact_human_agent
i dont know what to do to speak with a person,contact_human_agent,CONTACT,BLQ,contact_human_agent
help  me talking to somebody,contact_human_agent,CONTACT,BLZ,contact_human_agent
assistance to contact an agent,contact_human_agent,CONTACT,B,contact_human_agent
I am tring to contact an agent,contact_human_agent,CONTACT,BZ,contact_human_agent
i want assistancew to talk to somebody,contact_human_agent,CONTACT,BLQZ,contact_human_agent
I don't know how I can chat with a person,contact_human_agent,CONTACT,BL,contact_human_agent
help to talk with someone,contact_human_agent,CONTACT,BL,contact_human_agent
uare not helpful at all can uhelp me to speak to an agent,contact_human_agent,CONTACT,BCEILQ,contact_human_agent
could you help me contact an agent?,contact_human_agent,CONTACT,BIP,contact_human_agent
contact an agent,contact_human_agent,CONTACT,B,contact_human_agent
can you help me to talk to an agent?,contact_human_agent,CONTACT,BI,contact_human_agent
assistance to talk to somebody,contact_human_agent,CONTACT,BL,contact_human_agent
i do not know what i need to do to chat with a live agent,contact_human_agent,CONTACT,BELQ,contact_human_agent
I need assistance to speak with a live agent,contact_human_agent,CONTACT,BL,contact_human_agent
could you help me speak with an agent?,contact_human_agent,CONTACT,BILP,contact_human_agent
want assistance to speak to someone,contact_human_agent,CONTACT,BLQ,contact_human_agent
I don'tknow what to do to talk to an agent,contact_human_agent,CONTACT,BZ,contact_human_agent
talk with a live agent,contact_human_agent,CONTACT,BL,contact_human_agent
help me to speak with an agent,contact_human_agent,CONTACT,BL,contact_human_agent
I want to contact an agent,contact_human_agent,CONTACT,B,contact_human_agent
want assistance to speak to a hunan agent,contact_human_agent,CONTACT,BLQZ,contact_human_agent
talk to an agent,contact_human_agent,CONTACT,B,contact_human_agent
what do I need to do to talk to an agent?,contact_human_agent,CONTACT,BI,contact_human_agent
i dont know what i have to do to speak to somebody,contact_human_agent,CONTACT,BLQ,contact_human_agent
talk to agent,contact_human_agent,CONTACT,BK,contact_human_agent
i cannot understand ya help chtting with an assistant,contact_human_agent,CONTACT,BCELQZ,contact_human_agent
transfer to me an agent,contact_human_agent,CONTACT,B,contact_human_agent
I do not know how I could talk to an agent,contact_human_agent,CONTACT,BEP,contact_human_agent
I do not know what I need to do to talk to an agent,contact_human_agent,CONTACT,BE,contact_human_agent
I want help to contact an agent,contact_human_agent,CONTACT,B,contact_human_agent
I cannot talk to an agent,contact_human_agent,CONTACT,BE,contact_human_agent
I want to talk to an agent,contact_human_agent,CONTACT,B,contact_human_agent
could you help me contacting an agent?,contact_human_agent,CONTACT,BIP,contact_human_agent
speak to an agent,contact_human_agent,CONTACT,BL,contact_human_agent
speak to an assistant,contact_human_agent,CONTACT,BL,contact_human_agent
I want help talking with somebody,contact_human_agent,CONTACT,BL,contact_human_agent
i dont know how i can talk to a live agent,contact_human_agent,CONTACT,BLQ,contact_human_agent
uare not being helpful can uhelp me to speak to a live agent,contact_human_agent,CONTACT,BCEILQ,contact_human_agent
need help to talk with an agent,contact_human_agent,CONTACT,BLQ,contact_human_agent
i dont know what to do to create another standard account,create_account,ACCOUNT,BLQ,create_account
i need assistance to craete a new user account,create_account,ACCOUNT,BLQZ,switch_account
I need help to open a fucking account,create_account,ACCOUNT,BLW,create_account
need to creae a different online account how can i do it,create_account,ACCOUNT,BCILQZ,create_account
"I am not your customer yet, I need assistaance registering",create_account,ACCOUNT,BCELZ,create_account
I do not know how to register,create_account,ACCOUNT,BE,create_account
need help opening a different account,create_account,ACCOUNT,BLQ,create_account
I try to create a new user account,create_account,ACCOUNT,BL,create_account
want assistance to open a new freemium account,create_account,ACCOUNT,BLQ,create_account
I want to create an account,create_account,ACCOUNT,B,create_account
"I am not an customer, assistance to register",create_account,ACCOUNT,BCELZ,create_account
how can I create an account?,create_account,ACCOUNT,BI,create_account
can uhelp me to open a new account,create_account,ACCOUNT,BILQ,create_account
want help creating a new user account,create_account,ACCOUNT,BLQ,create_account
can you help me open another account for my fiancee?,create_account,ACCOUNT,BIL,create_account
"I am not an member yet, need help to register",create_account,ACCOUNT,BCELQZ,create_account
help me to open a different user account,create_account,ACCOUNT,BL,create_account
i want hhelp to open another online account for my husband,create_account,ACCOUNT,BLQZ,create_account
"I have not signed up, I need help to oopen a user account",create_account,ACCOUNT,BCELZ,create_account
want assistance opening a new user account for my father,create_account,ACCOUNT,BLQ,create_account
would it be possible to register?,create_account,ACCOUNT,BIP,create_account
what do i need to do to open a new account,create_account,ACCOUNT,BILQ,create_account
I need assistance to create an online account,create_account,ACCOUNT,BL,create_account
I want assistance registering,create_account,ACCOUNT,B,create_account
i have to create a different account,create_account,ACCOUNT,BLQ,create_account
can I delete the account?,delete_account,ACCOUNT,BI,delete_account
I would like information about user account deletions,delete_account,ACCOUNT,BMP,delete_account
I want to delete an account,delete_account,ACCOUNT,B,delete_account
assistance to delete the account,delete_account,ACCOUNT,B,delete_account
how do i remove my online account,delete_account,ACCOUNT,BILQ,delete_account
assistance deleting my account,delete_account,ACCOUNT,B,delete_account
is it possible to delete my account?,delete_account,ACCOUNT,BI,delete_account
I want information about a user account deletion,delete_account,ACCOUNT,B,delete_account
can I delete an account?,delete_account,ACCOUNT,BI,delete_account
can I remove an account ?,delete_account,ACCOUNT,BILZ,delete_account
I don't know what to do to cancel a standard account,delete_account,ACCOUNT,BL,delete_account
I would like to delete the account,delete_account,ACCOUNT,BP,delete_account
can you tell me more about user account deletions?,delete_account,ACCOUNT,BIM,delete_account
what do I have to do to delete the account?,delete_account,ACCOUNT,BI,delete_account
I need help to delete the account,delete_account,ACCOUNT,B,delete_account
how to delete the account?,delete_account,ACCOUNT,BI,delete_account
I don't know what I have to do to delete my account,delete_account,ACCOUNT,B,delete_account
could I delete my account?,delete_account,ACCOUNT,BIP,delete_account
I want assistance deleting my account,delete_account,ACCOUNT,B,delete_account
I do not know how I can cancel an online account,delete_account,ACCOUNT,BEL,create_account
assistance to delete an account,delete_account,ACCOUNT,B,delete_account
could you help me deleting the account?,delete_account,ACCOUNT,BIP,delete_account
help to delete my account,delete_account,ACCOUNT,B,delete_account
can you tell me about a user account deletion?,delete_account,ACCOUNT,BI,delete_account
i need help cancelling a goddamn secondary account,delete_account,ACCOUNT,BLQW,delete_account
I want help to close a secondary account,delete_account,ACCOUNT,BL,delete_account
I don't know how to delete the account,delete_account,ACCOUNT,B,delete_account
I have a problem with my secondary account cancellation,delete_account,ACCOUNT,BL,delete_account
could you tell me about user account deletions?,delete_account,ACCOUNT,BIMP,delete_account
could you show me what options for delivery I can choose?,delivery_options,DELIVERY,BIMP,delivery_options
I would like to check what delivery options I have,delivery_options,DELIVERY,BMP,delivery_options
I am calling to check what delivery options I have,delivery_options,DELIVERY,BM,delivery_options
I don't know how I can check what delivery options you offer,delivery_options,DELIVERY,BM,delivery_options
I need information about the delivery options,delivery_options,DELIVERY,B,delivery_options
show me what delivery options you offer,delivery_options,DELIVERY,BM,delivery_options
I want to check what options for delivery I have,delivery_options,DELIVERY,BM,delivery_options
help checking the delivery options,delivery_options,DELIVERY,B,delivery_options
I want help checking the delivery options,delivery_options,DELIVERY,B,delivery_options
could I check what options for delivery are available?,delivery_options,DELIVERY,BIMP,delivery_options
I call to check what delivery options are available,delivery_options,DELIVERY,BM,delivery_options
checking the options for delivery,delivery_options,DELIVERY,B,delivery_options
I want help checking the options for delivery,delivery_options,DELIVERY,B,delivery_options
can you help me check what options for delivery I have?,delivery_options,DELIVERY,BIM,delivery_options
I need to check what options for delivery are available,delivery_options,DELIVERY,BM,delivery_options
assistance checking what delivery options I can choose,delivery_options,DELIVERY,BM,delivery_options
assistance to check what options for delivery are available,delivery_options,DELIVERY,BM,delivery_options
help me checking the delivery options,delivery_options,DELIVERY,B,delivery_options
where do I check what options for delivery I have?,delivery_options,DELIVERY,BIM,delivery_options
can you show me what delivery options I have?,delivery_options,DELIVERY,BIM,delivery_options
I do not know how I could check the options for delivery,delivery_options,DELIVERY,BEP,delivery_options
where could I check what delivery options I have?,delivery_options,DELIVERY,BIMP,delivery_options
help me to check what delivery options are available,delivery_options,DELIVERY,BM,delivery_options
how could I get information about the options for delivery?,delivery_options,DELIVERY,BIP,delivery_options
tell me more about the delivery options,delivery_options,DELIVERY,B,delivery_options
could you show me what delivery options are available?,delivery_options,DELIVERY,BIMP,delivery_options
assistance to check what delivery options I have,delivery_options,DELIVERY,BM,delivery_options
where could I check the delivery options?,delivery_options,DELIVERY,BIP,delivery_options
can I check what delivery options I can choose?,delivery_options,DELIVERY,BIM,delivery_options
I am calling to check the options for delivery,delivery_options,DELIVERY,B,delivery_options
could you help me checking what options for delivery I have?,delivery_options,DELIVERY,BIMP,delivery_options
will you show me what delivery options I can choose?,delivery_options,DELIVERY,BIMP,delivery_options
I want help to check how long the delivery takes,delivery_period,DELIVERY,B,delivery_period
where could I check when my item is going to arrive?,delivery_period,DELIVERY,BIP,delivery_period
where to check how long the delivery takes?,delivery_period,DELIVERY,BI,delivery_period
I am trying to check how long the delivery takes,delivery_period,DELIVERY,B,delivery_period
I need help to check how soon can I expect the item,delivery_period,DELIVERY,B,delivery_period
give me information about the delivery period,delivery_period,DELIVERY,B,delivery_period
I am calling to check how soon can I expect the delivery,delivery_period,DELIVERY,B,delivery_period
I need information about the delivery period,delivery_period,DELIVERY,B,delivery_period
will you show me how long the delivery takes?,delivery_period,DELIVERY,BIP,delivery_period
I am trying to find information about delivery periods,delivery_period,DELIVERY,BE,delivery_period
I need help to check when will my item arrive,delivery_period,DELIVERY,B,delivery_period
how could I check when will my item arrive?,delivery_period,DELIVERY,BIP,delivery_period
where can I get information about delivery periods?,delivery_period,DELIVERY,BI,delivery_period
I am trying to find delivery periods,delivery_period,DELIVERY,BE,delivery_period
how long does the delivery take?,delivery_period,DELIVERY,BI,delivery_period
show me when will my item arrive,delivery_period,DELIVERY,B,delivery_period
I don't know how I could check when will my item arrive,delivery_period,DELIVERY,BP,delivery_period
how to check when my item is going to arrive?,delivery_period,DELIVERY,BI,delivery_period
I want to know about delivery periods,delivery_period,DELIVERY,B,delivery_period
could you show me when my item is going to arrive?,delivery_period,DELIVERY,BIP,delivery_period
could you help me to check how long the delivery takes?,delivery_period,DELIVERY,BIP,delivery_period
can you help me check when my delivery is going to arrive?,delivery_period,DELIVERY,BI,delivery_period
how to check when will my item arrive?,delivery_period,DELIVERY,BI,delivery_period
assistance to check how soon can I expect the delivery,delivery_period,DELIVERY,B,delivery_period
show me how soon can I expect the delivery,delivery_period,DELIVERY,B,delivery_period
information about the delivery period,delivery_period,DELIVERY,B,delivery_period
how can I check when my item is going to arrive?,delivery_period,DELIVERY,BI,delivery_period
could you help me check how soon can I expect the item?,delivery_period,DELIVERY,BIP,delivery_period
I need help checking when my item is going to arrive,delivery_period,DELIVERY,B,delivery_period
tell me more about the delivery periods,delivery_period,DELIVERY,BM,delivery_period
show me how soon can I expect the item,delivery_period,DELIVERY,B,delivery_period
how to check when my delivery is going to arrive?,delivery_period,DELIVERY,BI,delivery_period
I want assistance checking how long the delivery takes,delivery_period,DELIVERY,B,delivery_period
where can I find information about the delivery period?,delivery_period,DELIVERY,BI,delivery_period
I want to know about the delivery periods,delivery_period,DELIVERY,BM,delivery_period
I would like information about the delivery periods,delivery_period,DELIVERY,BMP,delivery_period
I do not know how to check when my item is going to arrive,delivery_period,DELIVERY,BE,delivery_period
what is the delivery period for this order?,delivery_period,DELIVERY,BI,delivery_period
can you hepl me correct the details on my profile?,edit_account,ACCOUNT,BILMZ,edit_account
how could I edit the information on my account?,edit_account,ACCOUNT,BIP,edit_account
I don't know how I can edit my account,edit_account,ACCOUNT,B,edit_account
i do not know how i can change the info on my profile,edit_account,ACCOUNT,BELQ,edit_account
I need help to edit my account,edit_account,ACCOUNT,B,edit_account
help me editing my personal information,edit_account,ACCOUNT,B,edit_account
what do I need to do to change the user details?,edit_account,ACCOUNT,BILM,edit_account
"I have to change the data on my profile, help me",edit_account,ACCOUNT,BCL,edit_account
can you help me edit the information on my account?,edit_account,ACCOUNT,BI,edit_account
I need help modifying the user data,edit_account,ACCOUNT,BL,edit_account
want help updating the info on my user profile,edit_account,ACCOUNT,BLQ,edit_account
I am trying to edit my personal information,edit_account,ACCOUNT,B,edit_account
help me edit the information on my account,edit_account,ACCOUNT,B,edit_account
assistance editing the information on my account,edit_account,ACCOUNT,B,edit_account
I want assistance to edit the information on my account,edit_account,ACCOUNT,B,edit_account
I have got to edit my account,edit_account,ACCOUNT,B,edit_account
what do I have to do to edit my personal information?,edit_account,ACCOUNT,BI,edit_account
need help to change my bloody personal details,edit_account,ACCOUNT,BLMQW,edit_account
can I edit my account?,edit_account,ACCOUNT,BI,edit_account
I need to change osme of my user details,edit_account,ACCOUNT,BLMZ,edit_account
help me to edit the bloody info included on my user profile,edit_account,ACCOUNT,BLQW,edit_account
I do not know what to do to edit my account,edit_account,ACCOUNT,BE,edit_account
how to edit the information on my account?,edit_account,ACCOUNT,BI,edit_account
I do not know how I can chanbe the info on my user account,edit_account,ACCOUNT,BELQZ,edit_account
i do not know how i can modify my user account,edit_account,ACCOUNT,BELQ,edit_account
I want help editing the information on my account,edit_account,ACCOUNT,B,edit_account
I want assistance changing my personal details,edit_account,ACCOUNT,BLM,edit_account
help me modify the data included on my user profile,edit_account,ACCOUNT,BL,edit_account
I don't know what I have to do to edit my account,edit_account,ACCOUNT,B,edit_account
I do not know how I could edit my personal information,edit_account,ACCOUNT,BEP,edit_account
how could I edit my account?,edit_account,ACCOUNT,BIP,edit_account
help to edit my personal information,edit_account,ACCOUNT,B,edit_account
I do not know how to correct the details on my account,edit_account,ACCOUNT,BELM,edit_account
I have got to edit the information on my account,edit_account,ACCOUNT,B,edit_account
how do I update the information on my user profile?,edit_account,ACCOUNT,BIL,edit_account
I do not know how I could get the invoices from 7 months ago,get_invoice,INVOICE,BEMP,get_invoice
how do I get the invoices from 2 purchases ago?,get_invoice,INVOICE,BIM,get_invoice
send me the invoices from one purchases ago,get_invoice,INVOICE,BM,get_invoice
help getting the invoice from last month,get_invoice,INVOICE,B,get_invoice
I do not know how to get the invoice from April,get_invoice,INVOICE,BE,get_invoice
help me to get the invoice from 8 months ago,get_invoice,INVOICE,BM,get_invoice
help me getting my invoices,get_invoice,INVOICE,BM,get_invoice
I need help to get the invoices from my last purchase,get_invoice,INVOICE,BM,get_invoice
will you send me the invoices from four months ago?,get_invoice,INVOICE,BIMP,get_invoice
could you send me my invoices?,get_invoice,INVOICE,BIMP,get_invoice
I want assistance to get the invoices,get_invoice,INVOICE,BM,get_invoice
help to get the invoices from my last purchase,get_invoice,INVOICE,BM,get_invoice
where to get the invoice from 5 purchases ago?,get_invoice,INVOICE,BIM,get_invoice
I want to get my invoice,get_invoice,INVOICE,B,get_invoice
I want assistance to get the invoice from my last purchase,get_invoice,INVOICE,B,get_invoice
I need assistance to get my invoice,get_invoice,INVOICE,B,get_invoice
how do I get the invoices?,get_invoice,INVOICE,BIM,get_invoice
how can I get the invoices from 9 purchases ago?,get_invoice,INVOICE,BIM,get_invoice
I do not know what I need to do to get the invoice,get_invoice,INVOICE,BE,get_invoice
send me the invoices from nine months ago,get_invoice,INVOICE,BM,get_invoice
help me to get the invoice from my last purchase,get_invoice,INVOICE,B,get_invoice
help me getting the invoices,get_invoice,INVOICE,BM,get_invoice
I don't know what to do to get the invoice from March,get_invoice,INVOICE,B,get_invoice
getting invoice from last month,get_invoice,INVOICE,BK,get_invoice
I would like to get the invoice from nine months ago,get_invoice,INVOICE,BMP,get_invoice
I am trying to get the invoice from my last purchase,get_invoice,INVOICE,B,get_invoice
send me the invoice,get_invoice,INVOICE,B,get_invoice
is it possible to get my invoice?,get_invoice,INVOICE,BI,get_invoice
I am trying to get the invoice from 2 purchases ago,get_invoice,INVOICE,BM,get_invoice
I am calling to get my invoices,get_invoice,INVOICE,BM,get_invoice
getting invoices from ten months ago,get_invoice,INVOICE,BKM,get_invoice
help me getting a refund,get_refund,REFUND,B,get_refund
I need a refund,get_refund,REFUND,B,track_refund
help me getting a refund of money,get_refund,REFUND,B,get_refund
I want assistance getting refunds of money,get_refund,REFUND,BM,get_refund
how can I get a refund of money?,get_refund,REFUND,BI,get_refund
I need help getting a refund,get_refund,REFUND,B,get_refund
I want help to get a refund of money,get_refund,REFUND,B,get_refund
could you help me get my money back?,get_refund,REFUND,BIP,get_refund
I don't know what I have to do to get a refund of money,get_refund,REFUND,B,get_refund
assistance to get a refund,get_refund,REFUND,B,get_refund
I don't know what I have to do to get my money back,get_refund,REFUND,B,get_refund
I do not know what I have to do to get my money back,get_refund,REFUND,BE,get_refund
I do not know how I could get refunds,get_refund,REFUND,BEMP,get_refund
assistance to get refunds,get_refund,REFUND,BM,get_refund
help me get a refund,get_refund,REFUND,B,get_refund
I don't know how I can get my money back,get_refund,REFUND,B,get_refund
I want assistance getting a refund of money,get_refund,REFUND,B,get_refund
I do not know how I could get a refund of money,get_refund,REFUND,BEP,get_refund
how do I get a refund?,get_refund,REFUND,BI,get_refund
could you help me getting refunds?,get_refund,REFUND,BIMP,get_refund
when will I get a refund?,get_refund,REFUND,BI,get_refund
I don't know how I can get a refund,get_refund,REFUND,B,get_refund
I want to get refunds,get_refund,REFUND,BM,get_refund
I am trying to get my money back,get_refund,REFUND,B,get_refund
I don't know what to do to get refunds of money,get_refund,REFUND,BM,get_refund
I need help getting refunds of money,get_refund,REFUND,BM,get_refund
I don't know what to do to get my money back,get_refund,REFUND,B,get_refund
could you help me get refunds?,get_refund,REFUND,BIMP,get_refund
I can't subscribe to hte newsletter,newsletter_subscription,NEWSLETTER,BLZ,newsletter_subscription
I am trying to subscribe to your company newsletter,newsletter_subscription,NEWSLETTER,B,newsletter_subscription
"I want to unsubscribe to your newsletter, can you help me?",newsletter_subscription,NEWSLETTER,BCIL,newsletter_subscription
I do not know what to do to sign up to your newsletter,newsletter_subscription,NEWSLETTER,BEL,newsletter_subscription
I can't cancel the company newsletter subscription,newsletter_subscription,NEWSLETTER,B,newsletter_subscription
I try to unsubscribe to the corporate newsletter,newsletter_subscription,NEWSLETTER,BL,newsletter_subscription
I donot know how I can unsubscribe from your newsletter,newsletter_subscription,NEWSLETTER,BELZ,newsletter_subscription
can you help me to subscribe to your corporate newsletter?,newsletter_subscription,NEWSLETTER,BIL,newsletter_subscription
help me subscribing to the corporate newsleter,newsletter_subscription,NEWSLETTER,BLZ,newsletter_subscription
tell me about cancel the subscription to ur newsletter,newsletter_subscription,NEWSLETTER,BLQ,newsletter_subscription
check the status of my company newsletter subscription,newsletter_subscription,NEWSLETTER,B,newsletter_subscription
information about the company newsletter subscription,newsletter_subscription,NEWSLETTER,B,newsletter_subscription
can ya help me unsubscribe to the nedwsletter,newsletter_subscription,NEWSLETTER,BILQZ,newsletter_subscription
tell me about the company newsletter subscription,newsletter_subscription,NEWSLETTER,B,newsletter_subscription
help cancelling the subscription to your company newsletter,newsletter_subscription,NEWSLETTER,B,newsletter_subscription
I need help signing up to the company newsletter,newsletter_subscription,NEWSLETTER,BL,newsletter_subscription
could I cancel the company newsletter subscription?,newsletter_subscription,NEWSLETTER,BIP,newsletter_subscription
I do ont know how to sign up to the newsletter,newsletter_subscription,NEWSLETTER,BELZ,newsletter_subscription
I'm trying to unsubscribe to ur newsletter,newsletter_subscription,NEWSLETTER,BLQ,newsletter_subscription
help me cancel the company newsletter subscription,newsletter_subscription,NEWSLETTER,B,newsletter_subscription
I need help cancelling the subscription to your newsletter,newsletter_subscription,NEWSLETTER,BL,newsletter_subscription
cancel the subscription to your company newsletter,newsletter_subscription,NEWSLETTER,B,newsletter_subscription
i have got to subscribe to ur newsletter will  uhelp me,newsletter_subscription,NEWSLETTER,BCILPQZ,newsletter_subscription
issues with payments,payment_issue,PAYMENT,BKM,payment_issue
I need help solving issues with payments,payment_issue,PAYMENT,BM,payment_issue
I need assistance solving payment issues,payment_issue,PAYMENT,BM,payment_issue
help me to report an issue with payments,payment_issue,PAYMENT,BM,payment_issue
could you help me to report an issue with payment?,payment_issue,PAYMENT,BIP,payment_issue
is it possible to report a payment issue?,payment_issue,PAYMENT,BI,payment_issue
I want help solving issues with payments,payment_issue,PAYMENT,BM,payment_issue
could you help me report payment issues?,payment_issue,PAYMENT,BIMP,payment_issue
where could I report an issue with payments?,payment_issue,PAYMENT,BIMP,payment_issue
can you help me solving an issue with payment?,payment_issue,PAYMENT,BI,payment_issue
issue with payments,payment_issue,PAYMENT,BKM,payment_issue
help me to solve issues with payment,payment_issue,PAYMENT,BM,payment_issue
help solving a payment issue,payment_issue,PAYMENT,B,payment_issue
I don't know how I could report payment issues,payment_issue,PAYMENT,BMP,payment_issue
help to solve payment issues,payment_issue,PAYMENT,BM,payment_issue
I need help to solve a payment issue,payment_issue,PAYMENT,B,payment_issue
I don't know how I can report a payment issue,payment_issue,PAYMENT,B,payment_issue
can you help me solve issues with payment?,payment_issue,PAYMENT,BIM,payment_issue
I am trying to report payment issues,payment_issue,PAYMENT,BM,payment_issue
I want assistance to solve payment issues,payment_issue,PAYMENT,BM,payment_issue
help me report issues with payment,payment_issue,PAYMENT,BM,payment_issue
I don't know how I can report an issue with payments,payment_issue,PAYMENT,BM,payment_issue
help me to report a payment issue,payment_issue,PAYMENT,B,payment_issue
I have to report a payment issue,payment_issue,PAYMENT,B,payment_issue
I am trying to report issues with payment,payment_issue,PAYMENT,BM,payment_issue
can you help me to solve issues with payment?,payment_issue,PAYMENT,BIM,payment_issue
help me solving issues with payments,payment_issue,PAYMENT,BM,payment_issue
I don't know how I can make a purchase,place_order,ORDER,B,place_order
what do I have to do to buy something?,place_order,ORDER,BI,place_order
help me to make a purchase,place_order,ORDER,B,place_order
help buying a few of your item,place_order,ORDER,BM,place_order
help me buy several items,place_order,ORDER,BM,place_order
I do not know what I need to do to buy several items,place_order,ORDER,BEM,place_order
where to buy some of your item?,place_order,ORDER,BIM,place_order
assistance buying some items,place_order,ORDER,BM,place_order
help me buy several of your item,place_order,ORDER,BM,place_order
where can I make an order?,place_order,ORDER,BI,place_order
I do not know how I can buy something,place_order,ORDER,BE,place_order
I don't know how I can buy several of your item,place_order,ORDER,BM,place_order
can you help me to make a purchase?,place_order,ORDER,BI,place_order
where do I buy several items?,place_order,ORDER,BIM,place_order
buy item,place_order,ORDER,BK,place_order
I do not know how to buy a few of your item,place_order,ORDER,BEM,place_order
assistance making an order,place_order,ORDER,B,place_order
would it be possible to buy several items?,place_order,ORDER,BIMP,place_order
I don't know what I have to do to buy a few of your item,place_order,ORDER,BM,place_order
can you help me to buy something?,place_order,ORDER,BI,place_order
where could I buy several items?,place_order,ORDER,BIMP,place_order
help me buying some of your item,place_order,ORDER,BM,place_order
I do not know how to buy several of your item,place_order,ORDER,BEM,place_order
I need help to buy several of your item,place_order,ORDER,BM,place_order
I have to buy some of your item,place_order,ORDER,BM,place_order
I do not know what to do to buy several items,place_order,ORDER,BEM,place_order
could you help me buying some items?,place_order,ORDER,BIMP,place_order
I don't know how to buy a few of your item,place_order,ORDER,BM,place_order
I need assistance buying several of your item,place_order,ORDER,BM,place_order
help me to buy an item,place_order,ORDER,B,place_order
can you tell me more about a forgotten password?,recover_password,ACCOUNT,BI,recover_password
where could I get information about forgotten passwords?,recover_password,ACCOUNT,BIMP,recover_password
I want to know about forgotten passwords,recover_password,ACCOUNT,BM,recover_password
I try to reset my pwd,recover_password,ACCOUNT,BLQ,recover_password
what do I have to do to recover my password?,recover_password,ACCOUNT,BI,recover_password
I have a problem with a forgotten password,recover_password,ACCOUNT,B,recover_password
give me information about my password retrieval,recover_password,ACCOUNT,BL,recover_password
I don't know how I could recover my password,recover_password,ACCOUNT,BP,recover_password
can you tell me about my key recovery?,recover_password,ACCOUNT,BIL,recover_password
i cannot remembre the pwd of my account i wanna reset it,recover_password,ACCOUNT,BCELQZ,recover_password
how could I find information about a forgotten password?,recover_password,ACCOUNT,BIP,recover_password
i cannot remember my account pwd i need help to restore it,recover_password,ACCOUNT,BCELQ,recover_password
how to recover my password?,recover_password,ACCOUNT,BI,recover_password
I can't recover my password,recover_password,ACCOUNT,B,recover_password
I want help restoring my account key,recover_password,ACCOUNT,BL,recover_password
need assistance to retrieve my user account pin,recover_password,ACCOUNT,BLQ,recover_password
can ya tell me more about a pin code recovery,recover_password,ACCOUNT,BILQ,recover_password
I try to recover my password,recover_password,ACCOUNT,B,recover_password
what do I need to do to recover my password?,recover_password,ACCOUNT,BI,recover_password
I am looking for information about a forgotten password,recover_password,ACCOUNT,BE,recover_password
need help to report a registration error,registration_problems,ACCOUNT,BLQ,registration_problems
help me report registration issues,registration_problems,ACCOUNT,BM,registration_problems
I want assistance reporting registration issues,registration_problems,ACCOUNT,BM,registration_problems
report issue with registration,registration_problems,ACCOUNT,B,registration_problems
i cannot notify of a registration error,registration_problems,ACCOUNT,BELQ,registration_problems
I would like to report registration issues,registration_problems,ACCOUNT,BMP,registration_problems
can you help me to report a registration issue?,registration_problems,ACCOUNT,BI,registration_problems
there are issues with the sxignup,registration_problems,ACCOUNT,BLMZ,payment_issue
could I report a registration issue?,registration_problems,ACCOUNT,BIP,registration_problems
how do I report a signup error?,registration_problems,ACCOUNT,BIL,registration_problems
could you help me reporting registration issues?,registration_problems,ACCOUNT,BIMP,registration_problems
informing of problems with sign-up,registration_problems,ACCOUNT,BLM,registration_problems
I have issues registering,registration_problems,ACCOUNT,BM,registration_problems
could I report registration issues?,registration_problems,ACCOUNT,BIMP,registration_problems
help to report registration issues,registration_problems,ACCOUNT,BM,registration_problems
I need to report fucking registration issues,registration_problems,ACCOUNT,BMW,registration_problems
could uhelp me inform of a registration error,registration_problems,ACCOUNT,BILPQ,registration_problems
what do I have to do to report a registration issue?,registration_problems,ACCOUNT,BI,registration_problems
what do i need to do to informof sign-up issues,registration_problems,ACCOUNT,BILMQZ,registration_problems
need help reporting a sign-up  problem,registration_problems,ACCOUNT,BLQZ,registration_problems
I don't know how to report registration issues,registration_problems,ACCOUNT,BM,registration_problems
I need assistance regarding our sign-up,registration_problems,ACCOUNT,BL,registration_problems
i need assistance notifying of sign-up errors,registration_problems,ACCOUNT,BLMQ,registration_problems
I need assistance to report sign-up issues,registration_problems,ACCOUNT,BLM,registration_problems
I do not know how I could report registration issues,registration_problems,ACCOUNT,BEMP,registration_problems
I can't report registration issues,registration_problems,ACCOUNT,BM,registration_problems
i cannot sign up help me report sign-up problems,registration_problems,ACCOUNT,BCELMQ,registration_problems
I want assistance to leave a review for your company,review,FEEDBACK,B,review
where can I leave a review for your services?,review,FEEDBACK,BI,review
could you help me to submit some feedback?,review,FEEDBACK,BIP,review
help submitting some feedback for your services,review,FEEDBACK,B,review
help me leave a review,review,FEEDBACK,B,review
help me submit some feedback for your services,review,FEEDBACK,B,review
can I submit some feedback for your services?,review,FEEDBACK,BI,review
I want help leaving a review for your company,review,FEEDBACK,B,review
I have to leave a review for a service,review,FEEDBACK,B,review
would it be possible to leave a review for your services?,review,FEEDBACK,BIP,review
I don't know what to do to submit some feedback,review,FEEDBACK,B,review
assistance submitting some feedback for your services,review,FEEDBACK,B,review
I need help leaving a review for your company,review,FEEDBACK,B,review
do you have an e-mail to submit a review?,review,FEEDBACK,BI,review
how do I submit some feedback for your company?,review,FEEDBACK,BI,review
I am calling to submit some feedback for your company,review,FEEDBACK,B,review
where can I submit some feedback for your company?,review,FEEDBACK,BI,review
is it possible to submit some feedback for your company?,review,FEEDBACK,BI,review
help me leaving a review for your company,review,FEEDBACK,B,review
what do I need to do to submit some feedback for a service?,review,FEEDBACK,BI,review
how can I submit some feedback?,review,FEEDBACK,BI,review
I am trying to submit some feedback,review,FEEDBACK,B,review
how do I leave a review for a service?,review,FEEDBACK,BI,review
can you help me leave a review for your services?,review,FEEDBACK,BI,review
could you help me leave a review for your company?,review,FEEDBACK,BIP,review
could you help me to submit some feedback for your company?,review,FEEDBACK,BIP,review
I have to submit some feedback,review,FEEDBACK,B,review
can you help me to leave a review for a service?,review,FEEDBACK,BI,review
how can I leave a review?,review,FEEDBACK,BI,review
I need help to leave a review for your services,review,FEEDBACK,B,review
I have to submit some feedback for your company,review,FEEDBACK,B,review
I don't know what I have to do to submit some feedback,review,FEEDBACK,B,review
I don't know how I could set a new shipping address up,set_up_shipping_address,SHIPPING_ADDRESS,BP,set_up_shipping_address
why I cannot set a different shipping address valid up,set_up_shipping_address,SHIPPING_ADDRESS,BE,set_up_shipping_address
can you help me setting up a different shipping address?,set_up_shipping_address,SHIPPING_ADDRESS,BI,set_up_shipping_address
why I can't set a new shipping address valid up,set_up_shipping_address,SHIPPING_ADDRESS,B,set_up_shipping_address
can I set a different shipping address up?,set_up_shipping_address,SHIPPING_ADDRESS,BI,set_up_shipping_address
I want assistance setting another shipping address up,set_up_shipping_address,SHIPPING_ADDRESS,B,set_up_shipping_address
help me to set another shipping address up,set_up_shipping_address,SHIPPING_ADDRESS,B,set_up_shipping_address
where to set a different shipping address up?,set_up_shipping_address,SHIPPING_ADDRESS,BI,set_up_shipping_address
can you help me to set another shipping address up?,set_up_shipping_address,SHIPPING_ADDRESS,BI,set_up_shipping_address
I have got to set a new shipping address up,set_up_shipping_address,SHIPPING_ADDRESS,B,set_up_shipping_address
would it be possible to set up a new shipping address?,set_up_shipping_address,SHIPPING_ADDRESS,BIP,set_up_shipping_address
my new shipping address isn't valid,set_up_shipping_address,SHIPPING_ADDRESS,B,set_up_shipping_address
set up another shipping address,set_up_shipping_address,SHIPPING_ADDRESS,B,set_up_shipping_address
set a different shipping address up,set_up_shipping_address,SHIPPING_ADDRESS,B,set_up_shipping_address
can I set up a new shipping address?,set_up_shipping_address,SHIPPING_ADDRESS,BI,set_up_shipping_address
could you help me setting a different shipping address up?,set_up_shipping_address,SHIPPING_ADDRESS,BIP,set_up_shipping_address
where do I set a new shipping address up?,set_up_shipping_address,SHIPPING_ADDRESS,BI,set_up_shipping_address
set up a different shipping address,set_up_shipping_address,SHIPPING_ADDRESS,B,set_up_shipping_address
I have to set a new shipping address up,set_up_shipping_address,SHIPPING_ADDRESS,B,set_up_shipping_address
I want assistance to set up another shipping address,set_up_shipping_address,SHIPPING_ADDRESS,B,set_up_shipping_address
I need assistance setting up a different shipping address,set_up_shipping_address,SHIPPING_ADDRESS,B,set_up_shipping_address
help to set up a new shipping address,set_up_shipping_address,SHIPPING_ADDRESS,B,set_up_shipping_address
I don't know how I could set up another shipping address,set_up_shipping_address,SHIPPING_ADDRESS,BP,set_up_shipping_address
how do I set another shipping address up?,set_up_shipping_address,SHIPPING_ADDRESS,BI,set_up_shipping_address
how to set a different shipping address up?,set_up_shipping_address,SHIPPING_ADDRESS,BI,set_up_shipping_address
I have got to set another shipping address up,set_up_shipping_address,SHIPPING_ADDRESS,B,set_up_shipping_address
help me set another shipping address up,set_up_shipping_address,SHIPPING_ADDRESS,B,set_up_shipping_address
help me to set up another shipping address,set_up_shipping_address,SHIPPING_ADDRESS,B,set_up_shipping_address
I don't know how I can set up another shipping address,set_up_shipping_address,SHIPPING_ADDRESS,B,set_up_shipping_address
how can I set up a different shipping address?,set_up_shipping_address,SHIPPING_ADDRESS,BI,set_up_shipping_address
I do not know how to set up another shipping address,set_up_shipping_address,SHIPPING_ADDRESS,BE,set_up_shipping_address
how can I set another shipping address up?,set_up_shipping_address,SHIPPING_ADDRESS,BI,set_up_shipping_address
I need assistance switching to another account,switch_account,ACCOUNT,B,switch_account
I don't know what I need to do to switch user,switch_account,ACCOUNT,B,switch_account
I do not know what I need to do to switch user,switch_account,ACCOUNT,BE,switch_account
i do not know how i can change to a new profile,switch_account,ACCOUNT,BELQ,switch_account
I need to switch to another account,switch_account,ACCOUNT,B,switch_account
I am trying to switch user,switch_account,ACCOUNT,B,switch_account
I need help to use another account,switch_account,ACCOUNT,B,switch_account
I have to switch user,switch_account,ACCOUNT,B,switch_account
"I do not need this user,how to change to my new one?",switch_account,ACCOUNT,BCEILZ,switch_account
I do not know what to do to change to a new profile,switch_account,ACCOUNT,BEL,switch_account
I need assistance to change to a new user account,switch_account,ACCOUNT,BL,switch_account
help changing to my new user account,switch_account,ACCOUNT,BL,switch_account
can you help me to use another account?,switch_account,ACCOUNT,BI,switch_account
i  cant switch to another user profile,switch_account,ACCOUNT,BLQZ,switch_account
want assistance changing to a different profile,switch_account,ACCOUNT,BLQ,switch_account
I need to switch to my new user account,switch_account,ACCOUNT,BL,switch_account
where can I switch user?,switch_account,ACCOUNT,BI,switch_account
assistance to switch to a new uxer account,switch_account,ACCOUNT,BLZ,switch_account
i need assistance changing to a different user account,switch_account,ACCOUNT,BLQ,switch_account
I can't change to a new fucking user account,switch_account,ACCOUNT,BLW,switch_account
I don't know what to do to switch to another account,switch_account,ACCOUNT,B,switch_account
"I no longer use this account, I try to change to my new one",switch_account,ACCOUNT,BCEL,switch_account
use another account,switch_account,ACCOUNT,BK,switch_account
need assistance using a new user account,switch_account,ACCOUNT,BLQ,switch_account
I do not know what to do to switch to another account,switch_account,ACCOUNT,BE,switch_account
help me switching to another account,switch_account,ACCOUNT,B,switch_account
how to switch user?,switch_account,ACCOUNT,BI,switch_account
help me to change to a new profile,switch_account,ACCOUNT,BL,switch_account
is it possible to switch to a new user profile?,switch_account,ACCOUNT,BIL,switch_account
where do I switch to another account?,switch_account,ACCOUNT,BI,switch_account
i dont use these profile help changing to my other one,switch_account,ACCOUNT,BCLQZ,switch_account
help using another user profile,switch_account,ACCOUNT,BL,switch_account
need help to use a different profile,switch_account,ACCOUNT,BLQ,switch_account
I do not know how to switch to another account,switch_account,ACCOUNT,BE,switch_account
where can I switch to another account?,switch_account,ACCOUNT,BI,switch_account
i have to use naother user profile,switch_account,ACCOUNT,BLQZ,switch_account
is it possible to track my order?,track_order,ORDER,BI,track_order
help checking the status of my order,track_order,ORDER,B,track_order
I have to track an order,track_order,ORDER,B,track_order
how do I track the last order?,track_order,ORDER,BI,track_order
I try to track an order,track_order,ORDER,B,track_order
help tracking my order,track_order,ORDER,B,track_order
I do not know how I can track an order,track_order,ORDER,BE,track_order
how can I check the status of my order?,track_order,ORDER,BI,track_order
I need to track my last order,track_order,ORDER,B,track_order
I have got to track the last order,track_order,ORDER,B,track_order
would it be possible to track my last order?,track_order,ORDER,BIP,track_order
check the status of my order,track_order,ORDER,B,track_order
I need to track my order,track_order,ORDER,B,track_order
I want to track an order,track_order,ORDER,B,track_order
ETA of order,track_order,ORDER,B,track_order
what do I need to do to track my order?,track_order,ORDER,BI,track_order
when will my order arrive,track_order,ORDER,B,delivery_period
could you help me to check the status of my order?,track_order,ORDER,BIP,track_order
can you help me to track the last order?,track_order,ORDER,BI,track_order
I would like to track an order,track_order,ORDER,BP,track_order
I want help to check the status of my order,track_order,ORDER,B,track_order
I don't know how I can track my last order,track_order,ORDER,B,track_order
I need assistance checking my order ETA,track_order,ORDER,B,track_order
I cannot check the status of my order,track_order,ORDER,BE,track_order
could I check the status of my order?,track_order,ORDER,BIP,track_order
I don't know what to do to track my last order,track_order,ORDER,B,track_order
where could I track the last order?,track_order,ORDER,BIP,track_order
I need to check my order ETA,track_order,ORDER,B,track_order
I want assistance tracking the last order,track_order,ORDER,B,track_order
could I track the last order?,track_order,ORDER,BIP,track_order
checking ETA of order,track_order,ORDER,B,track_order
assistance to check the status of the refund,track_refund,REFUND,B,track_refund
could I check the status of my refund?,track_refund,REFUND,BIP,track_refund
what do I have to do to check the refund status?,track_refund,REFUND,BI,track_refund
I can't check if there is anything new on my refund,track_refund,REFUND,B,track_refund
help me to check the status of my refund,track_refund,REFUND,B,track_refund
could you show me the refund status?,track_refund,REFUND,BIP,track_refund
I don't know how I can check the refund status,track_refund,REFUND,B,track_refund
assistance to check if there is any updates on my refund,track_refund,REFUND,BM,track_refund
would it be possible to check the status of the refund?,track_refund,REFUND,BIP,track_refund
help me check my refund status,track_refund,REFUND,B,track_refund
I want help checking if there is anything new on my refund,track_refund,REFUND,B,track_refund
how could I check my refund status?,track_refund,REFUND,BIP,track_refund
I need assistance to check my refund status,track_refund,REFUND,B,track_refund
how can I check the status of my refund?,track_refund,REFUND,BI,track_refund
I want assistance checking my refund status,track_refund,REFUND,B,track_refund
help checking if there is anything wrong with my refund,track_refund,REFUND,B,track_refund
how can I check the refund status?,track_refund,REFUND,BI,track_refund
I would like to check the refund status,track_refund,REFUND,BP,track_refund
I try to check my refund status,track_refund,REFUND,B,track_refund
I do not know what to do to track the refund,track_refund,REFUND,BE,track_refund
I need help checking if there is any updates on my refund,track_refund,REFUND,BM,track_refund
I want assistance checking the status of my refund,track_refund,REFUND,B,track_refund
I do not know how I could check the status of my refund,track_refund,REFUND,BEP,track_refund
I am trying to check the status of my refund,track_refund,REFUND,B,track_refund
help checking the refund status,track_refund,REFUND,B,track_refund
will you show me my refund status?,track_refund,REFUND,BIP,track_refund
help to track the refund,track_refund,REFUND,B,track_refund
I am trying to track the refund,track_refund,REFUND,B,track_refund
